BlendMode,Alpha,UserData
0,255,none,
0,255,none,
0,255,none,
0,255,none,
0,255,none,
0,255,none,
0,255,none,
0,255,none,
0,255,none,
0,255,none,
0,255,none,
0,255,none,
0,255,none,
0,255,none,
0,255,none,
0,255,none,
0,255,none,
0,255,none,
0,255,none,
0,255,none,
0,255,none,
0,255,none,
0,255,none,
0,255,none,
0,255,none,
0,255,none,
0,255,none,
0,255,none,
0,255,none,
0,255,none,
0,255,none,
0,255,none,
0,255,none,
0,255,none,
0,255,none,
0,255,none,
0,255,none,
0,255,none,
0,255,none,
0,255,none,
0,255,none,
0,255,none,
0,255,none,
0,255,none,
0,255,none,
0,255,none,
0,255,none,
0,255,none,
0,255,none,
0,255,none,
0,255,none,
0,255,none,
0,255,none,
0,255,none,
0,255,none,
0,255,none,
0,255,none,
0,255,none,
0,255,none,
0,255,none,
0,255,none,
0,255,none,
0,255,none,
0,255,none,
0,255,none,
0,255,none,
0,255,none,
0,255,none,
0,255,none,
0,255,none,
0,255,none,
0,255,none,
0,255,none,
0,255,none,
0,255,none,
0,255,none,
0,255,none,
0,255,none,
0,255,none,
0,255,none,
0,255,none,
0,255,none,
0,255,none,
0,255,none,
0,255,none,
0,255,none,
0,255,none,
0,255,none,
0,255,none,
0,255,none,
0,255,none,
0,255,none,
0,255,none,
0,255,none,
0,255,none,
0,255,none,
0,255,none,
0,255,none,
0,255,none,
0,255,none,
0,255,none,
0,255,none,
0,255,none,
0,255,none,
0,255,none,
0,255,none,
0,255,none,
0,255,none,
0,255,none,
0,255,none,
0,255,none,
0,255,none,
0,255,none,
0,255,none,
0,255,none,
0,255,none,
0,255,none,
0,255,none,
0,255,none,
0,255,none,
0,255,none,
